{
    "default_model": "realismEngineSDXL_v30VAE.safetensors",
    "default_refiner": "None",
    "default_refiner_switch": 0.9,
    "default_loras": [
        [
            false,
            "sd_xl_offset_example-lora_1.0.safetensors",
            0.1
        ],
        [
            false,
            "None",
            1.0
        ],
        [
            false,
            "None",
            1.0
        ],
        [
            false,
            "None",
            1.0
        ],
        [
            false,
            "None",
            1.0
        ]
    ],
    "default_cfg_scale": 4.0,
    "default_sample_sharpness": 4.0,
    "default_sampler": "euler_ancestral",
    "default_scheduler": "karras",
    "default_performance": "Speed",
    "default_prompt": "",
    "default_prompt_negative": "3d, cartoon, anime, (deformed eyes, nose, ears, nose), bad anatomy, wrinkles, moles, ugly, blurry",
    "default_styles": "",
    "default_aspect_ratio": "1024*1024",
    "checkpoint_downloads": {
        "realismEngineSDXL_v30VAE.safetensors": "https://civitai.com/api/download/models/293240?type=Model&format=SafeTensor&size=pruned&fp=fp16"
    },
    "embeddings_downloads": {},
    "lora_downloads": {},
    "previous_default_models": [
        "juggernautXL_version8Rundiffusion.safetensors",
        "juggernautXL_version7Rundiffusion.safetensors",
        "juggernautXL_v7Rundiffusion.safetensors",
        "juggernautXL_version6Rundiffusion.safetensors",
        "juggernautXL_v6Rundiffusion.safetensors"
    ]
}