{
    "default_model": "realismEngineSDXL_v10.safetensors",
    "default_refiner": "None",
    "default_refiner_switch": 0.9,
    "default_loras": [
        [
            false,
            "sd_xl_offset_example-lora_1.0.safetensors",
            0.1
        ],
        [
            false,
            "None",
            1.0
        ],
        [
            false,
            "None",
            1.0
        ],
        [
            false,
            "None",
            1.0
        ],
        [
            false,
            "None",
            1.0
        ]
    ],
    "default_cfg_scale": 4.0,
    "default_sample_sharpness": 4.0,
    "default_sampler": "dpmpp_2m",
    "default_scheduler": "karras",
    "default_performance": "Speed",
    "default_prompt": "",
    "default_prompt_negative": "3d, cartoon, anime, (deformed face, eyes, nose, ears, nose), bad anatomy, ugly, wrinkles, moles, blurry",
    "default_aspect_ratio": "1024*1024",
    "checkpoint_downloads": {
        "realismEngineSDXL_v10.safetensors": "https://civitai.com/api/download/models/178182?type=Model&format=SafeTensor&size=pruned&fp=fp16"
    },
    "embeddings_downloads": {},
    "previous_default_models": ["realismEngineSDXL_v10VAE.safetensors"]
}