{
    "default_model": "sd_xl_base_1.0.safetensors",
    "default_refiner": "None",
    "default_refiner_switch": 0.9,
    "default_loras": [
        [
            false,
            "sd_xl_offset_example-lora_1.0.safetensors",
            0.1
        ],
        [
            false,
            "None",
            1.0
        ],
        [
            false,
            "None",
            1.0
        ],
        [
            false,
            "None",
            1.0
        ],
        [
            false,
            "None",
            1.0
        ]
    ],
    "default_cfg_scale": 8.0,
    "default_sample_sharpness": 4.0,
    "default_sampler": "euler_ancestral",
    "default_scheduler": "karras",
    "default_performance": "Speed",
    "default_prompt": "",
    "default_prompt_negative": "blurry, blur, text, watermark, render, 3D, (deformed eyes, nose, ears, nose), bad anatomy, ugly, monochrome, B&W, cartoon, painting, smooth, plastic, blurry, low-resolution, deep-fried, oversaturated",
    "default_aspect_ratio": "1024*1024",
    "checkpoint_downloads": {
        "sd_xl_base_1.0.safetensors": "https://huggingface.co/stabilityai/stable-diffusion-xl-base-1.0/resolve/main/sd_xl_base_1.0.safetensors?download=true",
        "sd_xl_refiner_1.0.safetensors": "https://huggingface.co/stabilityai/stable-diffusion-xl-refiner-1.0/resolve/main/sd_xl_refiner_1.0.safetensors?download=true"
    },
    "embeddings_downloads": {},
    "previous_default_models": ["realismEngineSDXL_v10VAE.safetensors"]
}